dataset_name,run_label,method_family,coverage_target,budget,n_cells,n_attained,attainment_rate,mean_frontier_set_size,se_frontier_set_size,ci95_low_frontier_set_size,ci95_high_frontier_set_size,mean_coverage,mean_point_risk
ACS income,minimax_acs_schema_budgetgrid,llm_prompt_policy_frontier,0.8,60,10,10,1.0,1.5149590163934425,0.010249589500238935,1.4948698209729743,1.5350482118139108,0.8722540983606557,0.3733606557377048
ACS income,minimax_acs_schema_budgetgrid,llm_prompt_policy_frontier,0.8,120,10,10,1.0,1.5028991596638657,0.0026848779678768824,1.4976367988468269,1.5081615204809045,0.8652100840336135,0.3794957983193277
ACS income,minimax_acs_schema_budgetgrid,llm_prompt_policy_frontier,0.8,240,10,10,1.0,1.5,0.0011725431807877128,1.497701815365656,1.502298184634344,0.8614159292035397,0.3859734513274336
ACS income,minimax_acs_schema_budgetgrid,llm_prompt_policy_frontier,0.8,480,10,10,1.0,1.4986138613861386,0.000687546754323422,1.4972662697476646,1.4999614530246126,0.8607425742574257,0.3870792079207921
ACS income,minimax_acs_schema_budgetgrid,llm_prompt_policy_frontier,0.8,960,10,10,1.0,1.4953246753246754,0.0023065916545034135,1.4908037556818488,1.499845594967502,0.8615584415584415,0.38779220779220774
ACS income,minimax_acs_schema_budgetgrid,llm_prompt_policy_frontier,0.9,60,10,10,1.0,1.846762295081967,0.050630577233632054,1.7475263637040483,1.9459982264598858,0.9700819672131147,0.41290983606557374
ACS income,minimax_acs_schema_budgetgrid,llm_prompt_policy_frontier,0.9,120,10,10,1.0,1.6366386554621848,0.03246181977633717,1.573013488700564,1.7002638222238056,0.911218487394958,0.4045378151260503
ACS income,minimax_acs_schema_budgetgrid,llm_prompt_policy_frontier,0.9,240,10,10,1.0,1.5982300884955751,0.03025677391881894,1.53892681161469,1.6575333653764603,0.9086725663716815,0.36181415929203536
ACS income,minimax_acs_schema_budgetgrid,llm_prompt_policy_frontier,0.9,480,10,10,1.0,1.555,0.012668378199531455,1.5301699787289182,1.5798300212710816,0.8963366336633664,0.3448514851485148
ACS income,minimax_acs_schema_budgetgrid,llm_prompt_policy_frontier,0.9,960,10,10,1.0,1.594935064935065,0.02119263173927984,1.5533975067260766,1.6364726231440536,0.903051948051948,0.3674025974025974
ACS income,minimax_acs_schema_budgetgrid,reference,0.8,60,10,10,1.0,1.3648770491803277,0.11622390179829252,1.1370782016556744,1.592675896704981,0.8519262295081967,0.3061885245901639
ACS income,minimax_acs_schema_budgetgrid,reference,0.8,120,10,9,0.9,1.169747899159664,0.0176086683923461,1.1352349091106655,1.2042608892086624,0.8095238095238095,0.2707282913165266
ACS income,minimax_acs_schema_budgetgrid,reference,0.8,240,10,10,1.0,1.0661946902654866,0.013302526605355792,1.0401217381189893,1.092267642411984,0.7842477876106194,0.24761061946902654
ACS income,minimax_acs_schema_budgetgrid,reference,0.8,480,10,9,0.9,1.0511001100110011,0.01835855448242511,1.0151173432254479,1.0870828767965544,0.7912541254125414,0.23278327832783274
ACS income,minimax_acs_schema_budgetgrid,reference,0.8,960,10,10,1.0,1.0164935064935066,0.007401964480170218,1.001985656112373,1.0310013568746401,0.7868831168831169,0.22155844155844157
ACS income,minimax_acs_schema_budgetgrid,reference,0.9,60,10,10,1.0,1.4786475409836066,0.04510259711783971,1.3902464506326409,1.5670486313345724,0.901311475409836,0.29983606557377046
ACS income,minimax_acs_schema_budgetgrid,reference,0.9,120,10,9,0.9,1.393323996265173,0.018665118037156616,1.356740364912346,1.4299076276179998,0.8934640522875816,0.26657329598506063
ACS income,minimax_acs_schema_budgetgrid,reference,0.9,240,10,10,1.0,1.3185398230088494,0.01901527758357447,1.2812698789450434,1.3558097670726554,0.8902212389380532,0.24238938053097345
ACS income,minimax_acs_schema_budgetgrid,reference,0.9,480,10,10,1.0,1.3047029702970296,0.019386629948903986,1.2667051755971779,1.3427007649968814,0.8915841584158415,0.23831683168316825
ACS income,minimax_acs_schema_budgetgrid,reference,0.9,960,10,10,1.0,1.2576623376623377,0.011126383312406016,1.2358546263700219,1.2794700489546535,0.8847402597402597,0.2267532467532467
ANES96 vote,minimax_anes_schema_budgetgrid,llm_prompt_policy_frontier,0.8,30,10,10,1.0,1.024387689703126,0.05513217084536672,0.9163286348462073,1.1324467445600448,0.9056909728520466,0.07404377531894307
ANES96 vote,minimax_anes_schema_budgetgrid,llm_prompt_policy_frontier,0.8,40,10,10,1.0,0.9032578161073627,0.01653939398626067,0.8708406038942917,0.9356750283204336,0.8384516734438536,0.0763743539330026
ANES96 vote,minimax_anes_schema_budgetgrid,llm_prompt_policy_frontier,0.8,60,10,10,1.0,0.9216620376964345,0.01564211334904467,0.891003495532307,0.9523205798605621,0.8628932250866448,0.070576603522765
ANES96 vote,minimax_anes_schema_budgetgrid,llm_prompt_policy_frontier,0.8,80,10,10,1.0,0.9332593279736138,0.012421751437655512,0.908912695155809,0.9576059607914186,0.8707835497835497,0.06751638837353117
ANES96 vote,minimax_anes_schema_budgetgrid,llm_prompt_policy_frontier,0.8,100,10,10,1.0,0.9287873255436546,0.01704340236602141,0.8953822569062526,0.9621923941810566,0.8694486368062316,0.06954681921454071
ANES96 vote,minimax_anes_schema_budgetgrid,llm_prompt_policy_frontier,0.8,120,10,10,1.0,0.9390960451977399,0.010801012858545634,0.9179260599949904,0.9602660304004894,0.871638418079096,0.07081920903954798
ANES96 vote,minimax_anes_schema_budgetgrid,llm_prompt_policy_frontier,0.8,140,10,10,1.0,0.9198920377867748,0.017397285121973548,0.8857933589477066,0.9539907166258429,0.8716160593792173,0.058670715249662574
ANES96 vote,minimax_anes_schema_budgetgrid,llm_prompt_policy_frontier,0.9,40,10,10,1.0,1.132929904523586,0.08070475155197797,0.9747485914817093,1.2911112175654629,0.9312793988411755,0.07019087835321801
ANES96 vote,minimax_anes_schema_budgetgrid,llm_prompt_policy_frontier,0.9,60,10,10,1.0,1.1104664577695484,0.060243533060800186,0.9923891329703801,1.2285437825687169,0.9310396192375257,0.07401011251958406
ANES96 vote,minimax_anes_schema_budgetgrid,llm_prompt_policy_frontier,0.9,80,10,10,1.0,1.032568954854669,0.035706932273847976,0.962583367597927,1.1025545421114111,0.9234817563388992,0.06749824778396202
ANES96 vote,minimax_anes_schema_budgetgrid,llm_prompt_policy_frontier,0.9,100,10,10,1.0,1.1006645569620253,0.06199779897789582,0.9791488709653494,1.222180242958701,0.9384177215189873,0.06411392405063292
ANES96 vote,minimax_anes_schema_budgetgrid,llm_prompt_policy_frontier,0.9,120,10,10,1.0,1.0310266900448082,0.033106234174335857,0.9661384710631099,1.0959149090265066,0.9175891291642314,0.0776115332164426
ANES96 vote,minimax_anes_schema_budgetgrid,llm_prompt_policy_frontier,0.9,140,10,10,1.0,1.0630229419703103,0.02964969278297396,1.0049095441156815,1.1211363398249392,0.9386201079622133,0.06677462887989197
ANES96 vote,minimax_anes_schema_budgetgrid,reference,0.8,30,10,10,1.0,1.1713333333333331,0.06687412166262933,1.0402600548745795,1.3024066117920867,0.944,0.10466666666666662
ANES96 vote,minimax_anes_schema_budgetgrid,reference,0.8,40,10,10,1.0,0.9371428571428572,0.02563922023994629,0.8868899854725625,0.9873957288131519,0.8521428571428572,0.10571428571428568
ANES96 vote,minimax_anes_schema_budgetgrid,reference,0.8,60,10,10,1.0,0.9033333333333335,0.02026826260772743,0.8636075386221878,0.9430591280444793,0.8558333333333333,0.07499999999999994
ANES96 vote,minimax_anes_schema_budgetgrid,reference,0.8,80,10,9,0.9,0.9022222222222221,0.028076175041096173,0.8471929191416736,0.9572515253027707,0.8588888888888889,0.06555555555555549
ANES96 vote,minimax_anes_schema_budgetgrid,reference,0.8,100,10,7,0.7,0.8285714285714284,0.01718991556927816,0.7948791940556432,0.8622636630872136,0.8053571428571429,0.055357142857142806
ANES96 vote,minimax_anes_schema_budgetgrid,reference,0.8,120,10,6,0.6,0.8527777777777779,0.0263230172010714,0.8011846640636779,0.9043708914918778,0.8333333333333334,0.05833333333333331
ANES96 vote,minimax_anes_schema_budgetgrid,reference,0.8,140,10,9,0.9,0.85,0.015023130314433288,0.8205546645837107,0.8794453354162892,0.8166666666666668,0.07222222222222216
ANES96 vote,minimax_anes_schema_budgetgrid,reference,0.9,40,10,10,1.0,1.137142857142857,0.07470880735021546,0.9907135947364347,1.2835721195492793,0.9414285714285715,0.06857142857142852
ANES96 vote,minimax_anes_schema_budgetgrid,reference,0.9,60,10,10,1.0,1.1733333333333333,0.07131697631778221,1.0335520597504801,1.3131146069161865,0.9508333333333333,0.08166666666666662
ANES96 vote,minimax_anes_schema_budgetgrid,reference,0.9,80,10,10,1.0,0.9800000000000001,0.02560381915956202,0.9298165144472585,1.0301834855527416,0.9109999999999999,0.06899999999999995
ANES96 vote,minimax_anes_schema_budgetgrid,reference,0.9,100,10,8,0.8,1.0421875,0.047712020937749906,0.9486719389620102,1.13570306103799,0.9328125,0.05937499999999997
ANES96 vote,minimax_anes_schema_budgetgrid,reference,0.9,120,10,6,0.6,1.0027777777777778,0.024501196745777748,0.9547554321560534,1.0508001233995021,0.9416666666666668,0.052777777777777736
ANES96 vote,minimax_anes_schema_budgetgrid,reference,0.9,140,10,9,0.9,0.9638888888888888,0.011111111111111113,0.942111111111111,0.9856666666666666,0.9083333333333332,0.06388888888888883
Adult income,minimax_adult_schema_budgetgrid,llm_prompt_policy_frontier,0.8,30,10,10,1.0,1.2141791044776118,0.09525804270835202,1.0274733407692418,1.4008848681859818,0.8888059701492537,0.176865671641791
Adult income,minimax_adult_schema_budgetgrid,llm_prompt_policy_frontier,0.8,40,10,10,1.0,1.0419354838709678,0.03671692705153522,0.9699703068499588,1.1139006608919768,0.842741935483871,0.17661290322580636
Adult income,minimax_adult_schema_budgetgrid,llm_prompt_policy_frontier,0.8,60,10,10,1.0,1.2134615384615386,0.05816755818987521,1.0994531244093833,1.327469952513694,0.9201923076923076,0.17307692307692304
Adult income,minimax_adult_schema_budgetgrid,llm_prompt_policy_frontier,0.8,80,10,10,1.0,1.038095238095238,0.03271343467543644,0.9739769061313825,1.1022135700590934,0.8416666666666668,0.1738095238095238
Adult income,minimax_adult_schema_budgetgrid,llm_prompt_policy_frontier,0.8,100,10,10,1.0,1.1015625,0.046889465360628234,1.0096591478931687,1.1934658521068313,0.8671875,0.178125
Adult income,minimax_adult_schema_budgetgrid,llm_prompt_policy_frontier,0.8,120,10,10,1.0,1.0795454545454544,0.04758275378012789,0.9862832571364037,1.172807651954505,0.8522727272727273,0.19090909090909086
Adult income,minimax_adult_schema_budgetgrid,llm_prompt_policy_frontier,0.9,40,10,9,0.9,1.4408602150537635,0.08710672981730994,1.270131024611836,1.611589405495691,0.9614695340501791,0.1774193548387096
Adult income,minimax_adult_schema_budgetgrid,llm_prompt_policy_frontier,0.9,60,10,10,1.0,1.423076923076923,0.08140016089230952,1.2635326077279962,1.5826212384258496,0.960576923076923,0.1807692307692307
Adult income,minimax_adult_schema_budgetgrid,llm_prompt_policy_frontier,0.9,80,10,9,0.9,1.2883597883597884,0.02948133477251676,1.2305763722056555,1.3461432045139212,0.9642857142857143,0.16798941798941797
Adult income,minimax_adult_schema_budgetgrid,llm_prompt_policy_frontier,0.9,100,10,10,1.0,1.309375,0.02338535866733713,1.2635396970120192,1.3552103029879807,0.959375,0.178125
Adult income,minimax_adult_schema_budgetgrid,llm_prompt_policy_frontier,0.9,120,10,10,1.0,1.3386363636363636,0.029816164627506712,1.2801966809664505,1.3970760463062768,0.9568181818181818,0.1863636363636363
Adult income,minimax_adult_schema_budgetgrid,reference,0.8,30,10,10,1.0,1.1506666666666667,0.04040779780508693,1.0714673829686963,1.2298659503646372,0.8306666666666667,0.23066666666666658
Adult income,minimax_adult_schema_budgetgrid,reference,0.8,40,10,8,0.8,1.1357142857142857,0.04296330388889524,1.051506210092051,1.2199223613365204,0.8232142857142858,0.23303571428571423
Adult income,minimax_adult_schema_budgetgrid,reference,0.8,60,10,10,1.0,1.0641666666666665,0.02340761984198022,1.0182877317763852,1.1100456015569478,0.8116666666666668,0.22249999999999992
Adult income,minimax_adult_schema_budgetgrid,reference,0.8,80,10,10,1.0,1.0300000000000002,0.024810392087904524,0.9813716315077073,1.078628368492293,0.7909999999999999,0.22699999999999995
Adult income,minimax_adult_schema_budgetgrid,reference,0.8,100,10,10,1.0,1.0924999999999998,0.04437842318564782,1.0055182905561302,1.1794817094438694,0.8324999999999999,0.20875
Adult income,minimax_adult_schema_budgetgrid,reference,0.8,120,10,10,1.0,1.0233333333333332,0.03124969135650052,0.9620839382745922,1.0845827283920741,0.8216666666666667,0.19333333333333327
Adult income,minimax_adult_schema_budgetgrid,reference,0.8,140,10,8,0.8,0.98125,0.020996385743401513,0.940097083942933,1.022402916057067,0.796875,0.18749999999999994
Adult income,minimax_adult_schema_budgetgrid,reference,0.9,40,10,10,1.0,1.39,0.07521850257251668,1.2425717349578673,1.5374282650421325,0.9171428571428573,0.23428571428571426
Adult income,minimax_adult_schema_budgetgrid,reference,0.9,60,10,10,1.0,1.3583333333333336,0.03531166351571266,1.2891224728425368,1.4275441938241304,0.9200000000000002,0.23833333333333329
Adult income,minimax_adult_schema_budgetgrid,reference,0.9,80,10,10,1.0,1.302,0.034019602192461515,1.2353215797027755,1.3686784202972246,0.9040000000000001,0.23799999999999993
Adult income,minimax_adult_schema_budgetgrid,reference,0.9,100,10,10,1.0,1.37875,0.03436173986669864,1.3114009898612706,1.4460990101387292,0.9324999999999999,0.23749999999999996
Adult income,minimax_adult_schema_budgetgrid,reference,0.9,120,10,10,1.0,1.2533333333333334,0.02301368353023109,1.2082265136140804,1.2984401530525864,0.9066666666666666,0.20333333333333328
Adult income,minimax_adult_schema_budgetgrid,reference,0.9,140,10,10,1.0,1.29,0.032317865716108854,1.2266569831964267,1.3533430168035734,0.9,0.2425
Fair affairs,minimax_fair_schema_budgetgrid,llm_prompt_policy_frontier,0.8,30,10,10,1.0,1.864,0.09075377079537933,1.6861226092410566,2.041877390758944,0.9620000000000001,0.2966666666666666
Fair affairs,minimax_fair_schema_budgetgrid,llm_prompt_policy_frontier,0.8,40,10,10,1.0,1.782142857142857,0.11101086747887658,1.564561556884259,1.999724157401455,0.9350000000000002,0.2921428571428571
Fair affairs,minimax_fair_schema_budgetgrid,llm_prompt_policy_frontier,0.8,60,10,10,1.0,1.7308333333333334,0.11068703795101921,1.5138867389493358,1.947779927717331,0.9266666666666665,0.2908333333333333
Fair affairs,minimax_fair_schema_budgetgrid,llm_prompt_policy_frontier,0.8,80,10,10,1.0,1.669,0.11060892067701109,1.4522065154730583,1.8857934845269417,0.907,0.29399999999999993
Fair affairs,minimax_fair_schema_budgetgrid,llm_prompt_policy_frontier,0.8,100,10,10,1.0,1.5919871794871796,0.11124103802299726,1.373954744962105,1.8100196140122542,0.8870192307692308,0.2882371794871795
Fair affairs,minimax_fair_schema_budgetgrid,llm_prompt_policy_frontier,0.8,120,10,9,0.9,1.55,0.11303883305208778,1.328443887217908,1.771556112782092,0.8814814814814815,0.27407407407407397
Fair affairs,minimax_fair_schema_budgetgrid,llm_prompt_policy_frontier,0.8,140,10,10,1.0,1.4328947368421052,0.09656038191779055,1.2436363882832357,1.6221530854009747,0.8355263157894738,0.30302631578947375
Fair affairs,minimax_fair_schema_budgetgrid,llm_prompt_policy_frontier,0.9,40,10,10,1.0,2.0,0.0,2.0,2.0,1.0,0.29142857142857137
Fair affairs,minimax_fair_schema_budgetgrid,llm_prompt_policy_frontier,0.9,60,10,10,1.0,2.0,0.0,2.0,2.0,1.0,0.2858333333333333
Fair affairs,minimax_fair_schema_budgetgrid,llm_prompt_policy_frontier,0.9,80,10,10,1.0,2.0,0.0,2.0,2.0,1.0,0.2876530612244898
Fair affairs,minimax_fair_schema_budgetgrid,llm_prompt_policy_frontier,0.9,100,10,10,1.0,2.0,0.0,2.0,2.0,1.0,0.28375
Fair affairs,minimax_fair_schema_budgetgrid,llm_prompt_policy_frontier,0.9,120,10,10,1.0,2.0,0.0,2.0,2.0,1.0,0.2816666666666666
Fair affairs,minimax_fair_schema_budgetgrid,llm_prompt_policy_frontier,0.9,140,10,10,1.0,2.0,0.0,2.0,2.0,1.0,0.27749999999999997
Fair affairs,minimax_fair_schema_budgetgrid,reference,0.8,30,10,10,1.0,1.6173333333333333,0.05346465314394613,1.512542613171199,1.7221240534954676,0.9053333333333333,0.348
Fair affairs,minimax_fair_schema_budgetgrid,reference,0.8,40,10,10,1.0,1.4642857142857144,0.04960158727618966,1.3670666032243828,1.561504825347046,0.8635714285714287,0.32999999999999996
Fair affairs,minimax_fair_schema_budgetgrid,reference,0.8,60,10,10,1.0,1.3783333333333332,0.02814205587091985,1.3231749038263303,1.433491762840336,0.8533333333333333,0.3183333333333333
Fair affairs,minimax_fair_schema_budgetgrid,reference,0.8,80,10,10,1.0,1.251,0.03833912999650473,1.1758553052068506,1.3261446947931492,0.834,0.2909999999999999
Fair affairs,minimax_fair_schema_budgetgrid,reference,0.8,100,10,9,0.9,1.265277777777778,0.035829564831984524,1.1950518307070883,1.3355037248484676,0.8430555555555554,0.2944444444444444
Fair affairs,minimax_fair_schema_budgetgrid,reference,0.8,120,10,10,1.0,1.2266666666666666,0.0317396819046349,1.1644568901335821,1.288876443199751,0.8316666666666667,0.2733333333333333
Fair affairs,minimax_fair_schema_budgetgrid,reference,0.8,140,10,10,1.0,1.24,0.04365266951236266,1.154440767755769,1.325559232244231,0.8324999999999999,0.275
Fair affairs,minimax_fair_schema_budgetgrid,reference,0.9,40,10,10,1.0,1.6528571428571428,0.03895168237818108,1.576511845395908,1.7292024403183777,0.9271428571428573,0.3521428571428571
Fair affairs,minimax_fair_schema_budgetgrid,reference,0.9,60,10,10,1.0,1.7574999999999998,0.028011516591009422,1.7025974274816214,1.8124025725183783,0.9608333333333332,0.29833333333333334
Fair affairs,minimax_fair_schema_budgetgrid,reference,0.9,80,10,10,1.0,1.543,0.03809491071287899,1.468333975002757,1.6176660249972428,0.9119999999999999,0.29400000000000004
Fair affairs,minimax_fair_schema_budgetgrid,reference,0.9,100,10,10,1.0,1.59375,0.03737246832748525,1.520499962078129,1.667000037921871,0.915,0.3062499999999999
Fair affairs,minimax_fair_schema_budgetgrid,reference,0.9,120,10,9,0.9,1.511111111111111,0.044444444444444446,1.424,1.5982222222222222,0.9166666666666665,0.28333333333333327
Fair affairs,minimax_fair_schema_budgetgrid,reference,0.9,140,10,10,1.0,1.56,0.040688518719112346,1.4802505033105398,1.6397494966894604,0.925,0.295
Fertility demography,minimax_fertility_schema_budgetgrid,llm_prompt_policy_frontier,0.8,30,10,10,1.0,1.5616228070175437,0.05784832041192754,1.4482400990101658,1.6750055150249217,0.9475,0.4470175438596491
Fertility demography,minimax_fertility_schema_budgetgrid,llm_prompt_policy_frontier,0.8,40,10,10,1.0,1.487272727272727,0.03840722307334509,1.4119945700489707,1.5625508844964835,0.8972727272727272,0.4536363636363637
Fertility demography,minimax_fertility_schema_budgetgrid,llm_prompt_policy_frontier,0.8,60,10,10,1.0,1.4915873015873016,0.03417436520550755,1.4246055457845068,1.5585690573900963,0.8812698412698413,0.45706349206349206
Fertility demography,minimax_fertility_schema_budgetgrid,llm_prompt_policy_frontier,0.8,80,10,10,1.0,1.4114285714285715,0.027172081176546882,1.3581712923225395,1.4646858505346034,0.8842857142857141,0.4171428571428571
Fertility demography,minimax_fertility_schema_budgetgrid,llm_prompt_policy_frontier,0.8,100,10,10,1.0,1.4100000000000001,0.031019706997684904,1.3492013742845377,1.4707986257154626,0.8779999999999999,0.418
Fertility demography,minimax_fertility_schema_budgetgrid,llm_prompt_policy_frontier,0.9,40,10,10,1.0,1.6781293706293705,0.04385502626326651,1.5921735191533681,1.7640852221053729,0.96,0.4925
Fertility demography,minimax_fertility_schema_budgetgrid,llm_prompt_policy_frontier,0.9,60,10,10,1.0,1.6444444444444446,0.04678996058475192,1.5527361216983309,1.7361527671905583,0.9844444444444443,0.4488888888888888
Fertility demography,minimax_fertility_schema_budgetgrid,llm_prompt_policy_frontier,0.9,80,10,10,1.0,1.6042857142857145,0.02456422928862654,1.5561398248800065,1.6524316036914226,0.9800000000000001,0.43285714285714283
Fertility demography,minimax_fertility_schema_budgetgrid,llm_prompt_policy_frontier,0.9,100,10,10,1.0,1.6320000000000001,0.03878143885933062,1.5559883798357121,1.708011620164288,0.9880000000000001,0.43200000000000005
Fertility demography,minimax_fertility_schema_budgetgrid,reference,0.8,30,10,9,0.9,1.0611111111111113,0.06577822353452566,0.9321857929834411,1.1900364292387815,0.8777777777777778,0.14907407407407405
Fertility demography,minimax_fertility_schema_budgetgrid,reference,0.8,40,10,10,1.0,0.8690909090909091,0.029260867162601963,0.8117396094522092,0.926442208729609,0.8418181818181818,0.08181818181818178
Fertility demography,minimax_fertility_schema_budgetgrid,reference,0.8,60,10,10,1.0,0.8955555555555555,0.041082739626257914,0.81503338588809,0.976077725223021,0.86,0.0744444444444444
Fertility demography,minimax_fertility_schema_budgetgrid,reference,0.8,80,10,10,1.0,0.8714285714285713,0.021717627144745486,0.8288620222248702,0.9139951206322725,0.8557142857142856,0.06999999999999997
Fertility demography,minimax_fertility_schema_budgetgrid,reference,0.8,100,10,10,1.0,0.884,0.02103964511741267,0.8427622955698711,0.9252377044301289,0.8620000000000001,0.06399999999999995
Fertility demography,minimax_fertility_schema_budgetgrid,reference,0.9,40,10,9,0.9,1.0121212121212122,0.0284671124667514,0.9563256716863795,1.067916752556045,0.9323232323232323,0.06969696969696963
Fertility demography,minimax_fertility_schema_budgetgrid,reference,0.9,60,10,10,1.0,1.0122222222222221,0.031139757534607262,0.9511882974543919,1.0732561469900523,0.9411111111111111,0.06999999999999995
Fertility demography,minimax_fertility_schema_budgetgrid,reference,0.9,80,10,9,0.9,0.9857142857142858,0.014677176197545175,0.9569470203670972,1.0144815510614742,0.9238095238095239,0.0714285714285714
Fertility demography,minimax_fertility_schema_budgetgrid,reference,0.9,100,10,8,0.8,1.0,0.013093073414159542,0.9743375761082473,1.0256624238917527,0.96,0.04249999999999998
Modechoice car,minimax_modechoice_schema_budgetgrid,llm_prompt_policy_frontier,0.8,30,10,10,1.0,1.7553846153846155,0.04474781406845849,1.6676788998104368,1.8430903309587943,0.946923076923077,0.3346153846153846
Modechoice car,minimax_modechoice_schema_budgetgrid,llm_prompt_policy_frontier,0.8,40,10,10,1.0,1.7125,0.04436190251850933,1.6255506710637215,1.7994493289362783,0.9366666666666665,0.3466666666666667
Modechoice car,minimax_modechoice_schema_budgetgrid,llm_prompt_policy_frontier,0.8,60,10,10,1.0,1.629,0.07968619007637952,1.4728150674502962,1.7851849325497038,0.913,0.291
Modechoice car,minimax_modechoice_schema_budgetgrid,llm_prompt_policy_frontier,0.8,80,10,10,1.0,1.6175000000000002,0.010736748938937613,1.5964559720796825,1.6385440279203178,0.9125,0.27374999999999994
Modechoice car,minimax_modechoice_schema_budgetgrid,llm_prompt_policy_frontier,0.8,100,10,10,1.0,1.653333333333333,0.02948110924760354,1.5955503592080302,1.711116307458636,0.9266666666666667,0.2833333333333333
Modechoice car,minimax_modechoice_schema_budgetgrid,llm_prompt_policy_frontier,0.8,120,10,10,1.0,1.5875,0.07362159254518262,1.4432016786114419,1.731798321388558,0.9099999999999999,0.27749999999999997
Modechoice car,minimax_modechoice_schema_budgetgrid,llm_prompt_policy_frontier,0.9,40,10,10,1.0,1.7441666666666666,0.04944210356506155,1.647260143679146,1.8410731896541872,0.9391666666666667,0.32083333333333336
Modechoice car,minimax_modechoice_schema_budgetgrid,llm_prompt_policy_frontier,0.9,60,10,10,1.0,1.823,0.044747439405326106,1.7352950187655607,1.9107049812344392,0.9489999999999998,0.295
Modechoice car,minimax_modechoice_schema_budgetgrid,llm_prompt_policy_frontier,0.9,80,10,10,1.0,1.7399999999999998,0.040986108757859796,1.6596672268345947,1.8203327731654049,0.92875,0.26999999999999996
Modechoice car,minimax_modechoice_schema_budgetgrid,llm_prompt_policy_frontier,0.9,100,10,10,1.0,1.7316666666666662,0.040173235977313135,1.6529271241511325,1.8104062091822,0.9416666666666667,0.2566666666666666
Modechoice car,minimax_modechoice_schema_budgetgrid,llm_prompt_policy_frontier,0.9,120,10,10,1.0,1.64,0.02333333333333333,1.5942666666666665,1.6857333333333333,0.925,0.26999999999999996
Modechoice car,minimax_modechoice_schema_budgetgrid,reference,0.8,30,10,10,1.0,1.33,0.07133967418222512,1.1901742386028389,1.4698257613971613,0.8546153846153846,0.27230769230769225
Modechoice car,minimax_modechoice_schema_budgetgrid,reference,0.8,40,10,8,0.8,1.375,0.07650604291933157,1.2250481558781101,1.5249518441218899,0.8687499999999999,0.29062499999999997
Modechoice car,minimax_modechoice_schema_budgetgrid,reference,0.8,60,10,9,0.9,1.2333333333333334,0.0655108133567785,1.1049321391540476,1.3617345275126191,0.8433333333333334,0.22999999999999993
Modechoice car,minimax_modechoice_schema_budgetgrid,reference,0.8,80,10,10,1.0,1.045,0.020933094478467442,1.0039711348222038,1.086028865177796,0.8125,0.20874999999999994
Modechoice car,minimax_modechoice_schema_budgetgrid,reference,0.8,100,10,9,0.9,1.0240740740740741,0.03748570829629104,0.9506020858133437,1.0975460623348046,0.824074074074074,0.187037037037037
Modechoice car,minimax_modechoice_schema_budgetgrid,reference,0.8,120,10,7,0.7,1.032142857142857,0.04035345537304355,0.9530500846116917,1.1112356296740225,0.8357142857142856,0.16785714285714284
Modechoice car,minimax_modechoice_schema_budgetgrid,reference,0.9,40,10,9,0.9,1.6361111111111108,0.06462438957851023,1.5094473075372308,1.762774914684991,0.9500000000000001,0.2888888888888889
Modechoice car,minimax_modechoice_schema_budgetgrid,reference,0.9,60,10,10,1.0,1.573,0.06555828619548323,1.4445057590568529,1.701494240943147,0.9410000000000001,0.2649999999999999
Modechoice car,minimax_modechoice_schema_budgetgrid,reference,0.9,80,10,10,1.0,1.3075,0.03501983564908449,1.2388611221277945,1.3761388778722057,0.9075000000000001,0.21374999999999994
Modechoice car,minimax_modechoice_schema_budgetgrid,reference,0.9,100,10,10,1.0,1.305,0.05869201893289881,1.1899636428915183,1.4200363571084815,0.9083333333333332,0.21000000000000002
Modechoice car,minimax_modechoice_schema_budgetgrid,reference,0.9,120,10,8,0.8,1.221875,0.06468286301530833,1.0950965884899957,1.3486534115100044,0.903125,0.18124999999999997
RAND HIE visits,minimax_randhie_schema_budgetgrid,llm_prompt_policy_frontier,0.8,30,10,10,1.0,1.6753333333333331,0.054650855888839604,1.5682176557912075,1.7824490108754587,0.9326666666666666,0.3053333333333333
RAND HIE visits,minimax_randhie_schema_budgetgrid,llm_prompt_policy_frontier,0.8,40,10,10,1.0,1.59,0.04985466405808658,1.4922848584461503,1.6877151415538498,0.9085714285714286,0.3064285714285714
RAND HIE visits,minimax_randhie_schema_budgetgrid,llm_prompt_policy_frontier,0.8,60,10,10,1.0,1.4575,0.007703013679923357,1.4424020931873502,1.4725979068126498,0.8508333333333334,0.3224999999999999
RAND HIE visits,minimax_randhie_schema_budgetgrid,llm_prompt_policy_frontier,0.8,80,10,10,1.0,1.4780000000000002,0.022939534045447005,1.433038513270924,1.5229614867290764,0.859,0.313
RAND HIE visits,minimax_randhie_schema_budgetgrid,llm_prompt_policy_frontier,0.8,100,10,10,1.0,1.4600000000000002,0.017360555546666375,1.425973311128534,1.4940266888714664,0.8550000000000001,0.31124999999999997
RAND HIE visits,minimax_randhie_schema_budgetgrid,llm_prompt_policy_frontier,0.8,120,10,10,1.0,1.518333333333333,0.03455627008907554,1.450603043958745,1.5860636227079212,0.8716666666666667,0.3233333333333333
RAND HIE visits,minimax_randhie_schema_budgetgrid,llm_prompt_policy_frontier,0.8,140,10,10,1.0,1.465,0.05823801736552049,1.35085348596358,1.5791465140364203,0.86,0.305
RAND HIE visits,minimax_randhie_schema_budgetgrid,llm_prompt_policy_frontier,0.9,40,10,10,1.0,1.8442857142857143,0.046654517368950515,1.7528428602425712,1.9357285683288574,0.9714285714285713,0.3035714285714285
RAND HIE visits,minimax_randhie_schema_budgetgrid,llm_prompt_policy_frontier,0.9,60,10,10,1.0,1.8049999999999997,0.03579347481743244,1.734844789357832,1.8751552106421674,0.9633333333333335,0.30166666666666664
RAND HIE visits,minimax_randhie_schema_budgetgrid,llm_prompt_policy_frontier,0.9,80,10,10,1.0,1.7009999999999998,0.02778688739515658,1.6465377007054929,1.7554622992945068,0.951,0.3
RAND HIE visits,minimax_randhie_schema_budgetgrid,llm_prompt_policy_frontier,0.9,100,10,10,1.0,1.685,0.02163459164291195,1.6425962003798926,1.7274037996201075,0.9512500000000002,0.30249999999999994
RAND HIE visits,minimax_randhie_schema_budgetgrid,llm_prompt_policy_frontier,0.9,120,10,10,1.0,1.6766666666666665,0.02931312435171759,1.6192129429373001,1.734120390396033,0.9416666666666667,0.3183333333333333
RAND HIE visits,minimax_randhie_schema_budgetgrid,llm_prompt_policy_frontier,0.9,140,10,10,1.0,1.6824999999999999,0.03292457710856402,1.6179678288672144,1.7470321711327854,0.9425000000000001,0.30499999999999994
RAND HIE visits,minimax_randhie_schema_budgetgrid,reference,0.8,30,10,10,1.0,1.69,0.06446168351800396,1.563655100304712,1.8163448996952878,0.8933333333333333,0.4026666666666666
RAND HIE visits,minimax_randhie_schema_budgetgrid,reference,0.8,40,10,9,0.9,1.549206349206349,0.062229510425119566,1.4272365087731147,1.6711761896395834,0.8420634920634922,0.43333333333333335
RAND HIE visits,minimax_randhie_schema_budgetgrid,reference,0.8,60,10,10,1.0,1.5116666666666667,0.03150543750835073,1.4499160091502994,1.573417324183034,0.8341666666666667,0.3808333333333333
RAND HIE visits,minimax_randhie_schema_budgetgrid,reference,0.8,80,10,9,0.9,1.4366666666666665,0.051126205500593234,1.3364593038855037,1.5368740294478294,0.83,0.35
RAND HIE visits,minimax_randhie_schema_budgetgrid,reference,0.8,100,10,9,0.9,1.422222222222222,0.044183260334963524,1.3356230319656937,1.5088214124787505,0.8305555555555556,0.36666666666666664
RAND HIE visits,minimax_randhie_schema_budgetgrid,reference,0.8,120,10,8,0.8,1.4395833333333332,0.045961670970632675,1.349498458230893,1.5296682084357733,0.8395833333333333,0.34791666666666665
RAND HIE visits,minimax_randhie_schema_budgetgrid,reference,0.8,140,10,9,0.9,1.363888888888889,0.027985335666124846,1.3090376309832843,1.4187401467944936,0.8194444444444444,0.3333333333333333
RAND HIE visits,minimax_randhie_schema_budgetgrid,reference,0.9,40,10,10,1.0,1.8178571428571426,0.026773806877130456,1.765380481377967,1.8703338043363182,0.9349999999999999,0.43357142857142855
RAND HIE visits,minimax_randhie_schema_budgetgrid,reference,0.9,60,10,10,1.0,1.7858333333333332,0.03229995413366768,1.7225254232313445,1.8491412434353218,0.9308333333333334,0.39166666666666666
RAND HIE visits,minimax_randhie_schema_budgetgrid,reference,0.9,80,10,10,1.0,1.659,0.03538518208390499,1.5896450431155462,1.7283549568844538,0.9100000000000001,0.356
RAND HIE visits,minimax_randhie_schema_budgetgrid,reference,0.9,100,10,10,1.0,1.7175,0.02610076627227638,1.6663424981063384,1.7686575018936617,0.9075,0.38999999999999996
RAND HIE visits,minimax_randhie_schema_budgetgrid,reference,0.9,120,10,8,0.8,1.6770833333333333,0.01441226192000386,1.6488352999701257,1.7053313666965408,0.9145833333333333,0.35624999999999996
RAND HIE visits,minimax_randhie_schema_budgetgrid,reference,0.9,140,10,9,0.9,1.7166666666666668,0.03796013991310126,1.6422647924369884,1.7910685408963452,0.9277777777777779,0.33888888888888885
Star98 education,minimax_star98_schema_budgetgrid,llm_prompt_policy_frontier,0.8,30,10,8,0.8,1.7301470588235293,0.026620432557718895,1.6779710110104002,1.7823231066366583,0.8955882352941176,0.3544117647058823
Star98 education,minimax_star98_schema_budgetgrid,llm_prompt_policy_frontier,0.8,40,10,9,0.9,1.7534722222222223,0.029885326099097234,1.6948969830679916,1.812047461376453,0.9125000000000001,0.3583333333333333
Star98 education,minimax_star98_schema_budgetgrid,llm_prompt_policy_frontier,0.8,60,10,9,0.9,1.7190476190476192,0.011167656571008168,1.6971590121684432,1.740936225926795,0.8904761904761904,0.36190476190476184
Star98 education,minimax_star98_schema_budgetgrid,llm_prompt_policy_frontier,0.8,80,10,10,1.0,1.7108333333333334,0.014275183508366228,1.6828539736569357,1.7388126930097312,0.8841666666666667,0.37583333333333324
Star98 education,minimax_star98_schema_budgetgrid,llm_prompt_policy_frontier,0.8,100,10,9,0.9,1.7044444444444444,0.014635488747021653,1.675758886500282,1.733130002388607,0.8766666666666666,0.37666666666666665
Star98 education,minimax_star98_schema_budgetgrid,llm_prompt_policy_frontier,0.8,120,10,9,0.9,1.7,0.011785113019775794,1.6769011784812393,1.7230988215187606,0.8736111111111112,0.39722222222222214
Star98 education,minimax_star98_schema_budgetgrid,llm_prompt_policy_frontier,0.8,140,10,10,1.0,1.6933333333333334,0.0187905939169864,1.65650376925604,1.7301628974106267,0.8716666666666667,0.3816666666666666
Star98 education,minimax_star98_schema_budgetgrid,llm_prompt_policy_frontier,0.8,160,10,10,1.0,1.6849999999999998,0.025055493963954855,1.6358912318306482,1.7341087681693514,0.8675,0.38249999999999995
Star98 education,minimax_star98_schema_budgetgrid,llm_prompt_policy_frontier,0.9,40,10,10,1.0,1.8200000000000003,0.029104099558500535,1.7629559648653392,1.8770440351346613,0.9512499999999999,0.36187499999999995
Star98 education,minimax_star98_schema_budgetgrid,llm_prompt_policy_frontier,0.9,60,10,10,1.0,1.8764285714285716,0.02476762754382547,1.8278840214426737,1.9249731214144694,0.9842857142857143,0.37142857142857144
Star98 education,minimax_star98_schema_budgetgrid,llm_prompt_policy_frontier,0.9,80,10,10,1.0,1.8141666666666665,0.031697110122587795,1.7520403308263943,1.8762930025069386,0.9541666666666666,0.3774999999999999
Star98 education,minimax_star98_schema_budgetgrid,llm_prompt_policy_frontier,0.9,100,10,10,1.0,1.807,0.03162453337380823,1.7450159145873358,1.868984085412664,0.9480000000000001,0.377
Star98 education,minimax_star98_schema_budgetgrid,llm_prompt_policy_frontier,0.9,120,10,10,1.0,1.7875,0.019002923751652287,1.7502542694467615,1.8247457305532386,0.9237500000000001,0.3949999999999999
Star98 education,minimax_star98_schema_budgetgrid,llm_prompt_policy_frontier,0.9,140,10,10,1.0,1.8266666666666669,0.027011657291429375,1.7737238183754653,1.8796095149578684,0.9516666666666665,0.3816666666666666
Star98 education,minimax_star98_schema_budgetgrid,llm_prompt_policy_frontier,0.9,160,10,10,1.0,1.7774999999999999,0.030833333333333338,1.7170666666666665,1.8379333333333332,0.9324999999999999,0.38
Star98 education,minimax_star98_schema_budgetgrid,reference,0.8,30,10,9,0.9,1.2823529411764707,0.08102334710350739,1.1235471808535962,1.4411587014993452,0.8803921568627451,0.21960784313725484
Star98 education,minimax_star98_schema_budgetgrid,reference,0.8,40,10,10,1.0,1.148125,0.042868601725375745,1.0641025406182636,1.2321474593817365,0.8574999999999999,0.21624999999999997
Star98 education,minimax_star98_schema_budgetgrid,reference,0.8,60,10,8,0.8,1.0330357142857143,0.05412869174180457,0.9269434784717774,1.1391279500996512,0.8223214285714285,0.19553571428571428
Star98 education,minimax_star98_schema_budgetgrid,reference,0.8,80,10,9,0.9,1.0444444444444445,0.024453912307859735,0.9965147763210395,1.0923741125678497,0.8407407407407408,0.1787037037037037
Star98 education,minimax_star98_schema_budgetgrid,reference,0.8,100,10,8,0.8,0.9900000000000001,0.019548474547720015,0.9516849898864689,1.0283150101135314,0.8062499999999999,0.18499999999999994
Star98 education,minimax_star98_schema_budgetgrid,reference,0.8,120,10,7,0.7,1.0160714285714287,0.03142383622337026,0.954480709573623,1.0776621475692345,0.8321428571428571,0.1749999999999999
Star98 education,minimax_star98_schema_budgetgrid,reference,0.8,140,10,8,0.8,1.0041666666666667,0.022658174179374147,0.9597566452750933,1.04857668805824,0.8104166666666667,0.18958333333333327
Star98 education,minimax_star98_schema_budgetgrid,reference,0.8,160,10,9,0.9,0.9472222222222221,0.02808853946688429,0.8921686848671289,1.0022757595773153,0.788888888888889,0.1861111111111111
Star98 education,minimax_star98_schema_budgetgrid,reference,0.9,40,10,8,0.8,1.37421875,0.0520832403272979,1.2721355989584961,1.476301901041504,0.9375,0.22421874999999994
Star98 education,minimax_star98_schema_budgetgrid,reference,0.9,60,10,10,1.0,1.389285714285714,0.07172359706830965,1.2487074640318272,1.5298639645396008,0.9257142857142856,0.22928571428571423
Star98 education,minimax_star98_schema_budgetgrid,reference,0.9,80,10,8,0.8,1.3708333333333333,0.10624124613798717,1.1626004909028784,1.5790661757637883,0.9322916666666667,0.19895833333333335
Star98 education,minimax_star98_schema_budgetgrid,reference,0.9,100,10,9,0.9,1.2555555555555555,0.03873381780789636,1.1796372726520787,1.3314738384590323,0.9155555555555556,0.18
Star98 education,minimax_star98_schema_budgetgrid,reference,0.9,120,10,9,0.9,1.234722222222222,0.029520015703933724,1.176862991442512,1.2925814530019322,0.9069444444444444,0.18333333333333326
Star98 education,minimax_star98_schema_budgetgrid,reference,0.9,140,10,6,0.6,1.2638888888888888,0.07446309882364392,1.1179412151945467,1.409836562583231,0.9249999999999998,0.1777777777777777
Star98 education,minimax_star98_schema_budgetgrid,reference,0.9,160,10,7,0.7,1.225,0.07961963146288553,1.0689455223327444,1.3810544776672558,0.9178571428571429,0.16785714285714284
